NL_query,Gold_SQL_query
List all tables that were pulled from files whose name begins with 'phone'.,select t3.short_name from node_file as t1 join edge_has_file_table as t2 on t1.node_id = t2.source_node_id join node_table as t3 on t2.target_node_id = t3.node_id where t1.short_name like 'phone%'
"Among all the columns in the lake, count the occurences of each column type.","select col_type, count(*) from node_column group by col_type"
"For every business term that has the word 'customer' in it, count the number of columns associated with it.","select t1.node_id, t1.short_name, count(*) from node_business_term as t1 join edge_assoc_term_col as t2 on t1.node_id = t2.source_node_id group by t1.node_id, t1.short_name having t1.short_name like '%customer%'"
Which files are located one level below the directory 'part1'?,select t3.short_name from node_directory as t1 join edge_has_dir_file as t2 on t1.node_id = t2.source_node_id join node_file as t3 on t2.target_node_id = t3.node_id where t1.short_name = 'part1'
Show the creation date and last modified date for the 10 biggest tables in the lake by the number of rows.,"select short_name, creation_date, modified_date, num_rows from node_table order by num_rows desc limit 10"
Show all tables created in the last 24 hours.,select short_name from node_table where creation_date >= now() - interval '24 hours'
Which are the assets in the lake owned by Jane Doe?,select t3.short_name from node_owner as t1 join edge_own as t2 on t1.node_id = t2.source_node_id join node as t3 on t2.target_node_id = t3.node_id where t1.long_name = 'Jane Doe'
List all columns linked with business terms that were added in the past 30 days.,select t3.short_name from node_business_term as t1 join edge_assoc_term_col as t2 on t1.node_id = t2.source_node_id join node_column as t3 on t2.target_node_id = t3.node_id where t1.creation_date >= now() - interval '30 days'
What is the average size of a file owned by each user who owns 25 files or more?,"select t1.node_id, t1.short_name, count(*), avg(t3.fsize) from node_owner as t1 join edge_own as t2 on t1.node_id = t2.source_node_id join node_file as t3 on t2.target_node_id = t3.node_id group by t1.node_id, t1.short_name having count(*) >= 25"
Sort the nosql databases in the lake by their last modified date.,"select short_name, modified_date from node_nosql order by modified_date desc"
"Print the type, description and creation date for a sample of 10 columns.","select col_type, description, creation_date from node_column limit 10"
Display the ids of users that own more than 20 assets.,"select source_node_id, count(*) from edge_own group by source_node_id having count(*) > 20"
What is the average size of all files created in the last 30 days for each owner account?,"select t1.short_name, sum(t3.fsize) from node_owner as t1 join edge_own as t2 on t1.node_id = t2.source_node_id join node_file as t3 on t2.target_node_id = t3.node_id where t3.creation_date >= now() - interval '30 days' group by t1.node_id, t1.short_name"
List ids for all directories that contain a file name 'tax_report.csv'.,select t1.source_node_id from edge_has_dir_file as t1 join node_file as t2 on t1.target_node_id = t2.node_id where t2.short_name = 'tax_report.csv'
Show the columns that have the word 'water' in their name or description?,select * from node_column where short_name like '%water%' or description like '%water%'
Count the number of columns within each table associated with the classification 'zipcode'.,"select t1.short_name, count(*) from node_table as t1 join edge_has_table_col as t2 on t1.node_id = t2.source_node_id join edge_assoc_class_col as t3 on t2.target_node_id = t3.target_node_id join node_classification as t4 on t3.source_node_id = t4.node_id where t4.short_name = 'zipcode' group by t1.node_id, t1.short_name"
"Print the name, long name and description for the product model id column.","select short_name, long_name, description from node_column where short_name = 'p_model_id'"
How many columns do each of the 10 newest tables in the lake have?,"select t1.node_id, t1.short_name, t1.creation_date, count(*) from node_table as t1 join edge_has_table_col as t2 on t1.node_id = t2.source_node_id group by t1.node_id, t1.short_name, t1.creation_date order by t1.creation_date desc limit 10"
Display the description and creation timestamp for all labels.,"select short_name, description, creation_date from node_label"
Count the number of boolean columns in the lake.,select count(*) from node_column where col_type = 'bool'
List all assets owned by the user 'jdoe'.,select t1.short_name from node as t1 join edge_own as t2 on t1.node_id = t2.target_node_id join node_owner as t3 on t2.source_node_id = t3.node_id where t3.short_name = 'jdoe'
How many assets does the account 'uwmadison' own that were created in the past one week?,select count(*) from node_owner as t1 join edge_own as t2 on t1.node_id = t2.source_node_id where t1.short_name = 'uwmadison' and t2.creation_date >= now() - interval '7 days'
Show the ids for all folders that contain more than 10 files and were created in the past one week.,select source_node_id from edge_has_dir_file where creation_date >= now() - interval '7 days' group by source_node_id having count(*) > 10
Which are the tables belonging to the account 'lakeadmin'?,select t1.short_name from node_table as t1 join edge_own as t2 on t1.node_id = t2.target_node_id join node_owner as t3 on t2.source_node_id = t3.node_id where t3.short_name = 'lakeadmin'
Show short name and long name for the table from file 'business_entity_address',"select t3.short_name, t3.long_name from node_file as t1 join edge_has_file_table as t2 on t1.node_id = t2.source_node_id join node_table as t3 on t2.target_node_id = t3.node_id where t1.short_name = 'business_entity_address'"
Order all relational database owners by the number of relational databases they own.,"select t1.node_id, t1.short_name, count(*) from node_owner as t1 join edge_own as t2 on t1.node_id = t2.source_node_id join node_rdbms as t3 on t2.target_node_id = t3.node_id group by t1.node_id, t1.short_name order by count(*)"
Show all columns of type string.,select short_name from node_column where col_type = 'string'
How many assets does the user 'jdoe' own?,select count(*) from node_owner as t1 join edge_own as t2 on t1.node_id = t2.source_node_id where t1.short_name = 'jdoe'
Print out the creation date and owner for every file in the data lake.,"select t3.short_name, t3.creation_date, t1.short_name from node_owner as t1 join edge_own as t2 on t1.node_id = t2.source_node_id join node_file as t3 on t2.target_node_id = t3.node_id"
"For each owner account, display the mean size of a file added in past month.","select t1.node_id, t1.short_name, sum(t3.fsize) from node_owner as t1 join edge_own as t2 on t1.node_id = t2.source_node_id join node_file as t3 on t2.target_node_id = t3.node_id where t3.creation_date >= now() - interval '30 days' group by t1.node_id, t1.short_name"
Give all column names association with the classification 'date'.,select t3.short_name from node_classification as t1 join edge_assoc_class_col as t2 on t1.node_id = t2.source_node_id join node_column as t3 on t2.target_node_id = t3.node_id where t1.short_name = 'date'
Show the number of rows and description for all tables in the lake. Identify each table by short name.,"select short_name, num_rows, description from node_table"
List the creation data of nosql databases created in the past week.,"select short_name, creation_date from node_nosql where creation_date >= now() - interval '7 days'"
Print size and description for folders.,"select short_name, dsize, description from node_directory"
Show all the people who created business terms in the last 10 days.,select t1.short_name from node_owner as t1 join edge_own as t2 on t1.node_id = t2.source_node_id join node_business_term as t3 on t2.target_node_id = t3.node_id where t3.creation_date >= now() - interval '10 days'
Print all metadata for the job candidate id column.,select * from node_column where short_name = 'job_cand_id'
Find all tables with 'work' in it's title and a column that contains 'hours' in it's name.,select t1.short_name from node_table as t1 join edge_has_table_col as t2 on t1.node_id = t2.source_node_id join node_column as t3 on t2.target_node_id = t3.node_id where t1.short_name like '%work%' and t3.short_name like '%hours%'
What are all the business terms associated with columns in the lake?,select long_name from node_business_term
Which are the assets in the lake owned by Jane Doe?,select t3.short_name from node_owner as t1 join edge_own as t2 on t1.node_id = t2.source_node_id join node as t3 on t2.target_node_id = t3.node_id where t1.long_name = 'Jane Doe'
Which are the tables that are unionable with the 'taxi_zones' table?,select t1.short_name from node_table as t1 join edge_unionable_table_table as t2 on t1.node_id = t2.target_node_id join node_table as t3 on t2.source_node_id = t3.node_id where t3.short_name = 'taxi_zones'
List all directories in the HR folder.,select t3.short_name from node_directory as t1 join edge_has_dir_dir as t2 on t1.node_id = t2.source_node_id join node_directory as t3 on t2.target_node_id = t3.node_id where t1.short_name = 'human_resources'
List tables that have more than 10 columns.,select short_name from node_table where num_cols > 10
Print the id for all folders which have a file name 'kyc.csv'.,select t1.source_node_id from edge_has_dir_file as t1 join node_file as t2 on t1.target_node_id = t2.node_id where t2.short_name = 'kyc.csv'
Which are the tables that have a column labeled 'borough'?,select t1.short_name from node_table as t1 join edge_has_table_col as t2 on t1.node_id = t2.source_node_id join node_column as t3 on t2.target_node_id = t3.node_id where t3.short_name = 'borough'
List all directories and their creation timestamps.,"select short_name, creation_date from node_directory"
Show the number of related assets for each asset.,"select t1.short_name, count(*) from node as t1 join edge as t2 on t1.node_id = t2.source_node_id group by t1.short_name"
Which are the tables that have a column labeled 'borough'?,select t1.short_name from node_table as t1 join edge_has_table_col as t2 on t1.node_id = t2.source_node_id join node_column as t3 on t2.target_node_id = t3.node_id where t3.short_name = 'borough'
"Print the short name, long name and description for the modification column in the bill of materials table.","select t3.short_name, t3.long_name, t3.description from node_table as t1 join edge_has_table_col as t2 on t1.node_id = t2.source_node_id join node_column as t3 on t2.target_node_id = t3.node_id where t1.short_name = 'bill_of_materials' and t3.short_name = 'mod_date'"
Show the ids of users who own more than 20 assets.,"select source_node_id, count(*) from edge_own group by source_node_id having count(*) > 20"
Print the maximum column length for the column named 'cult_name'.,select max_col_length from node_column where short_name = 'cult_name'
Count the number of columns that each business term is associated with.,"select t1.node_id, t1.short_name, count(*) from node_business_term as t1 join edge_assoc_term_col as t2 on t1.node_id = t2.source_node_id group by t1.node_id, t1.short_name"
Print creation timestamps for nosql databases.,"select short_name, creation_date from node_nosql"
How many association relationships are recorded in the data lake?,select count(*) from edge_assoc
What is the creation date of every nosql database?,"select short_name, creation_date from node_nosql"
Which tables have 'traffic' in their names?,select short_name from node_table where short_name like '%traffic%'
Which are the directories in the data lake that were created in the past 24 hours?,"select short_name, creation_date from node_directory where creation_date >= now() - interval '24 hours'"
Count the number unionable tables for each table in the lake.,"select t1.short_name, count(*) from node_table as t1 join edge_unionable_table_table as t2 on t1.node_id = t2.source_node_id group by t1.node_id, t1.short_name"
Print description of table count for relational databases.,"select description, num_tables from node_rdbms"
Show all metadata of tables with 'covid' in it's name.,select * from node_table where short_name like '%covid%'
How many nosql databases are present in the data lake?,select count(*) from node_nosql
How many tables have a column name 'zip'?,select count(*) from node_column where short_name = 'zip'
Show the creation dates and descriptions for all classification assets.,"select short_name, creation_date, description from node_classification"
Order all assets in the lake by type id and creation date.,"select short_name, type_id, creation_date from node order by type_id asc, creation_date asc"
What is the average size of a file within each folder?,"select t1.node_id, t1.short_name, avg(t3.fsize)  from node_directory as t1 join edge_has_dir_file as t2 on t1.node_id = t2.source_node_id join node_file as t3 on t2.target_node_id = t3.node_id group by t1.node_id, t1.short_name"
Find all tables with 'workforce' in the name or description,select * from node_table where short_name like '%workforce%' or description like '%workforce%'
"Show short name and long name for the table from from 'business_entity_address"" file.","select t3.short_name, t3.long_name from node_file as t1 join edge_has_file_table as t2 on t1.node_id = t2.source_node_id join node_table as t3 on t2.target_node_id = t3.node_id where t1.short_name = 'business_entity_address.csv'"
Find the records tagged with the 'state' classification.,select * from node_classification where short_name = 'state'
Which files are located one level below the directory 'part1'?,select t3.short_name from node_directory as t1 join edge_has_dir_file as t2 on t1.node_id = t2.source_node_id join node_file as t3 on t2.target_node_id = t3.node_id where t1.short_name = 'part1'
Count the total number of product model id columns in the lake.,select count(*) from node_column where short_name = 'p_model_id'
How many columns are associated with each business terms in the data lake?,"select t1.short_name, count(*) from node_business_term as t1 join edge_assoc_class_col as t2 on t1.node_id = t2.source_node_id group by t1.short_name, t2.source_node_id"
Print out the descriptions for each column in the data lake.,"select short_name, description from node_column"
Show the last modified timestamp for all the tables.,"select short_name, modified_date from node_table"
"Show the number of databases owned by each owner account. Output accounts' id, name and count. ","select t1.node_id, t1.short_name, count(*) from node_owner as t1 join edge_own as t2 on t1.node_id = t2.source_node_id join node_database as t3 on t2.target_node_id = t3.node_id group by t1.node_id, t1.short_name"
Select the directory name and last modified date for all directories.,"select short_name, modified_date from node_directory"
Count the edges in the lake.,select count(*) from edge
List the number of columns for tables that contain at least 50 columns.,"select short_name, num_cols from node_table where num_cols >= 50"
Find all classifications associated with a column whose description contains the term 'knowledge'.,select t1.short_name from node_classification as t1 join edge_assoc_class_col as t2 on t1.node_id = t2.source_node_id join node_column as t3 on t2.target_node_id = t3.node_id where t3.description like '%knowledge%'
How many rows and columns does the prod desc table have?,"select num_rows, num_cols from node_table where short_name = 'fact_additional_international_product_description'"
"For each file extension, what is the max size of a file?","select extension, max(fsize) from node_file group by extension"
List ids for all directories that contain a file name 'tax_report.csv'.,select t1.source_node_id from edge_has_dir_file as t1 join node_file as t2 on t1.target_node_id = t2.node_id where t2.short_name = 'tax_report.csv'
What are the 5 oldest tables in the data lake?,select short_name from node_table order by creation_date asc limit 5
List all tables that have more than 100 rows in them.,select short_name from node_table where num_rows > 100
Count all possible joinable tables for each table in the lake.,"select t1.node_id, t1.short_name from node_table as t1 join edge_joinable_table_table as t2 on t1.node_id = t2.source_node_id group by t1.node_id"
"List the name, description and creation date for all databases.","select short_name, description, creation_date from node_database"
Count the number of assets owned by asset owners among assets created in the past 30 days.,"select t1.node_id, t1.short_name from node_owner as t1 join edge_own as t2 on t1.node_id = t2.source_node_id where t2.creation_date >= now() - interval '30 days' group by t1.node_id, t1.short_name"
Print out the description and last modified timestamp for each relational database in the lake.,"select description, modified_date from node_rdbms"
Sort all business terms by it's creation timestamp.,select short_name from node_business_term order by creation_date asc
List the top 10 people who own the most databases.,"select t1.node_id, t1.short_name, count(*) from node_owner as t1 join edge_own as t2 on t1.node_id = t2.source_node_id join node_database as t3 on t2.target_node_id = t3.node_id group by t1.node_id, t1.short_name order by count(*) limit 10"
Show the creation date for the 5 biggest tables by the number of columns.,select creation_date from node_table order by num_cols desc limit 5
Print all metadata for joinable table relationships created in the past 3 days.,select * from edge_joinable_table_table where creation_date >= now() - interval '3 days'
Find tables obtained from the file 'nycc.csv'.,select t3.short_name from node_file as t1 join edge_has_file_table as t2 on t1.node_id = t2.source_node_id join node_table as t3 on t2.target_node_id = t3.node_id where t1.short_name = 'nycc.csv'
Count the number of integer columns in the lake.,select count(*) from node_column where col_type = 'int'
Find all tables in the lake derived from xlsx files.,select t3.short_name from node_file as t1 join edge_has_file_table as t2 on t1.node_id = t2.source_node_id join node_table as t3 on t2.target_node_id = t3.node_id where t1.extension = 'xlsx'
List all assets owned by the user 'jdoe'.,select t1.short_name from node as t1 join edge_own as t2 on t1.node_id = t2.target_node_id join node_owner as t3 on t2.source_node_id = t3.node_id where t3.short_name = 'jdoe'
Print creation timestamp and description for account owners.,"select creation_date, description from node_owner"
Show all tables created after June 24 2023.,select short_name from node_table where creation_date >= '2023-06-24'
Count the number of assets owned by each owner account that contains the term 'nyc' in it's name or description.,"select t1.short_name, count(*) from node_owner as t1 join edge_own as t2 on t1.node_id = t2.source_node_id where t1.short_name like '%nyc%' or t1.description like '%nyc%' group by t1.node_id, t1.short_name"
List any 10 accounts that possess lake assets.,select * from node_owner limit 10
Display the name and description for all databases whose description contains the string 'vector'.,"select short_name, description from node_database where description like '%vector%'"
Display the names of directories that contain the term 'sales' in it's name or description.,select short_name from node_directory where short_name like '%sales%' or description like '%sales%'
"Display short name, long name and description for the password salt column.","select short_name, long_name, description from node_column where short_name = 'passwd_salt'"
What is the average size of a file with each extension type?,"select extension, avg(fsize) from node_file group by extension"
"Show the short name, long name and last modified timestamp for all tables.","select short_name, long_name, modified_date from node_table"
Print the mean size of a file directly inside each folder in the lake.,"select t1.short_name, avg(t3.fsize)  from node_directory as t1 join edge_has_dir_file as t2 on t1.node_id = t2.source_node_id join node_file as t3 on t2.target_node_id = t3.node_id group by t1.node_id, t1.short_name"
Display the sizes of the 10 biggest files in the lake.,"select short_name, fsize from node_file order by fsize desc limit 10"
Show the descriptions for all labels in the database.,"select short_name, description from node_label"
Show me a sample of any 5 business terms along with it's description.,"select short_name, description from node_business_term limit 5"
How many end date columns are there in the lake?,select count(*) from node_column where short_name = 'e_date'
What is the minimum size of a folder created in the last 10 days for each asset owner.,"select t1.short_name, min(t3.dsize) from node_owner as t1 join edge_own as t2 on t1.node_id = t2.source_node_id join node_directory as t3 on t2.target_node_id = t3.node_id where t3.creation_date >= now() - interval '10 days' group by t1.node_id, t1.short_name"
Find all columns associated with the business term 'model_id'.,select t3.short_name from node_business_term as t1 join edge_assoc_term_col as t2 on t1.node_id = t2.source_node_id join node_column as t3 on t2.target_node_id = t3.node_id where t1.short_name = 'model_id'
How many files were added to each directory in the past 1 year?,"select t1.short_name, count(*) from node_directory as t1 join edge_has_dir_file as t2 on t1.node_id = t2.source_node_id where t2.creation_date <= now() - interval '1 year' group by t1.short_name, t2.source_node_id"
Print all records for relationships outlining association between a business term and a column.,select * from edge_assoc_term_col
"For each folder, print the average size of a subfolder.","select t1.node_id, t1.short_name, avg(t3.dsize)  from node_directory as t1 join edge_has_dir_dir as t2 on t1.node_id = t2.source_node_id join node_directory as t3 on t2.target_node_id = t3.node_id group by t1.node_id, t1.short_name"
Show all tables that have 10 columns or more.,select short_name from node_table where num_cols >= 10
Give the description for the classification labeled 'date'.,select description from node_classification where short_name = 'date'
Sort all files in the lake by extension and creation date.,"select short_name from node_file order by extension asc, creation_date asc"
How many assets are owned by each user account created in the past week?,"select t1.node_id, t1.short_name, count(*) from node_owner as t1 join edge_own as t2 on t1.node_id = t2.source_node_id where t1.creation_date >= now() - interval '7 days' group by t1.node_id, t1.short_name"
Show the creation date and description for the credit card id column.,"select creation_date, description from node_column where short_name = 'ccid'"
Print the creation dates of all owner accounts.,"select short_name, creation_date from node_owner"
How many columns associated with the classification phrase 'customer' does each table contain?,"select t1.node_id, t1.short_name, count(*) from node_table as t1 join edge_has_table_col as t2 on t1.node_id = t2.source_node_id join edge_assoc_class_col as t3 on t2.target_node_id = t3.target_node_id join node_classification as t4 on t3.source_node_id = t4.node_id where t4.short_name = 'customer' group by t1.node_id, t1.short_name"
Count the number of assets owned by each owner account that contains the term 'nyc' in it's name or description.,"select t1.node_id, t1.short_name, count(*) from node_owner as t1 join edge_own as t2 on t1.node_id = t2.source_node_id where t1.short_name like '%nyc%' or t1.description like '%nyc%' group by t1.node_id, t1.short_name"
How many unique database names are there in the lake?,select count(distinct short_name) from node_database
List all files in the sales folder.,select t3.short_name from node_directory as t1 join edge_has_dir_file as t2 on t1.node_id = t2.source_node_id join node_file as t3 on t2.target_node_id = t3.node_id where t1.short_name = 'sales'
What are all the assets owned by 'Adam H Smith'?,select t1.short_name from node as t1 join edge_own as t2 on t1.node_id = t2.target_node_id join node_owner as t3 on t2.source_node_id = t3.node_id where t3.long_name = 'Adam H Smith'
Show the number of assets owned by each owner account created in the past year.,"select t1.node_id, t1.short_name, count(*) from node_owner as t1 join edge_own as t2 on t1.node_id = t2.source_node_id where t1.creation_date >= now() - interval '365 days' group by t1.node_id, t1.short_name"
Print creation timestamps for tables.,select creation_date from node_table
Name the 5 earliest created folders in the data lake.,select short_name from node_directory order by creation_date asc limit 5
Give me the names and descriptions of all the derived tables.,"select distinct t1.short_name, t1.description from node as t1 join edge_derive_table_table as t2 on t1.node_id = t2.target_node_id"
Calculate the mean size of a file for owner account that own more than 20 files.,"select t1.node_id, t1.short_name, count(*), avg(t3.fsize) from node_owner as t1 join edge_own as t2 on t1.node_id = t2.source_node_id join node_file as t3 on t2.target_node_id = t3.node_id group by t1.node_id, t1.short_name having count(*) > 20"
Count the number of assets of each type owned by each user.,"select t1.short_name, t3.type_id, count(*) from node_owner as t1 join edge_own as t2 on t1.node_id = t2.source_node_id join node as t3 on t2.target_node_id = t3.node_id group by t1.node_id, t1.short_name, t3.type_id"
Find all tables in the lake derived from csv files.,select t3.short_name from node_file as t1 join edge_has_file_table as t2 on t1.node_id = t2.source_node_id join node_table as t3 on t2.target_node_id = t3.node_id where t1.extension = '.csv'
Print description of table count for relational databases that have 25 tables or more.,select description from node_rdbms where num_tables >= 25
Which directories does the directory 'part2' contain?,select t3.short_name from node_directory as t1 join edge_has_dir_file as t2 on t1.node_id = t2.source_node_id join node_directory as t3 on t2.target_node_id = t3.node_id where t1.short_name = 'part2'
Print the names and descriptions for all files that begin with the prefix 'dim'.,"select short_name, description from node_file where short_name like 'dim%'"
Print the number of columns and description for the top 10 tables by number of rows.,"select num_cols, description from node_table order by num_rows desc limit 10"
Give the description for the classification labeled 'date'.,select description from node_classification where short_name = 'date'
List sizes and descriptions for all files belonging to owner id 3.,"select t1.short_name, t1.fsize, t1.description from node_file as t1 join edge_own as t2 on t1.node_id = t2.target_node_id where t2.source_node_id = 3"
Show the number of unionable relationships found for each table in the past 24 hours.,"select t1.node_id, t1.short_name, count(*) from node_table as t1 join edge_unionable_table_table as t2 on t1.node_id = t2.source_node_id where t2.creation_date >= now() - interval '24 hours' group by t1.node_id, t1.short_name"
Print extension and size of the 25 most recently created files.,"select short_name, extension, fsize, creation_date from node_file order by creation_date desc limit 25"
Find all tables and columns with 'work' in it's title and a column that contains 'hours' in it's name.,"select t1.short_name, t3.short_name from node_table as t1 join edge_has_table_col as t2 on t1.node_id = t2.source_node_id join node_column as t3 on t2.target_node_id = t3.node_id where t1.short_name like '%work%' and t3.short_name like '%hrs%'"
Print all metadata for a sample of 10 classifications.,select * from node_classification limit 10
Count the number of columns associated with each classification that contains the word 'category' in it's name.,"select t1.short_name, count(*) from node_classification as t1 join edge_assoc_class_col as t2 on t1.node_id = t2.source_node_id group by t1.node_id, t1.short_name having t1.short_name like '%category%'"
What is the creation date of every nosql database in the lake?,select creation_date from node_nosql
Print all metadata for the column named 'mod_date'.,select * from node_column where short_name = 'mod_date'
Give me the id and name for columns which have business terms associated with them.,"select distinct t1.node_id, t1.short_name from node_column as t1 join edge_assoc_term_col as t2 on t1.node_id = t2.target_node_id"
Print the type and description for all columns in the table named 'weights_measurements_and_other_tests'.,"select t3.col_type, t3.description from node_table as t1 join edge_has_table_col as t2 on t1.node_id = t2.source_node_id join node_column as t3 on t2.target_node_id = t3.node_id where t1.short_name = 'weights_measurements_and_other_tests'"
What is the average file size for each asset owner?,"select t1.node_id, t1.short_name, avg(t3.fsize) from node_owner as t1 join edge_own as t2 on t1.node_id = t2.source_node_id join node_file as t3 on t2.target_node_id = t3.node_id group by t1.node_id, t1.short_name"
What are the columns associated with at least one classification label?,select distinct t1.short_name from node_column as t1 join edge_assoc_class_col as t2 on t1.node_id = t2.target_node_id
"For each owner account, display the mean size of a file added in past month.","select t1.node_id, t1.short_name, sum(t3.fsize) from node_owner as t1 join edge_own as t2 on t1.node_id = t2.source_node_id join node_file as t3 on t2.target_node_id = t3.node_id where t3.creation_date >= now() - interval '30 days' group by t1.node_id, t1.short_name"
How many derived tables are there in the lake?,select count(*) from edge_derive_table_table
"Display the name, long name and description for the start date column in the bill of materials table.","select t3.short_name, t3.long_name, t3.description from node_table as t1 join edge_has_table_col as t2 on t1.node_id = t2.source_node_id join node_column as t3 on t2.target_node_id = t3.node_id where t1.short_name = 'bill_of_materials' and t3.short_name = 's_date'"
List all records for the sales quota table.,select * from node_table where short_name = 'fact_sales_quota'
How many tables does the lake contain?,select count(*) from node_table
Order all assets in the lake by type id and creation date.,"select short_name, type_id, creation_date from node order by type_id asc, creation_date asc"
What are the joinable table pairs found in the last 30 hours?,select t1.short_name from node_table as t1 join edge_joinable_table_table as t2 on t1.node_id = t2.source_node_id join node_table as t3 on t2.target_node_id = t3.node_id where t2.creation_date >= now() - interval '30hours'
List all tables that have more than 25 rows.,"select short_name, num_rows from node_table where num_rows > 25"
Find records for all columns that have address in their name or description.,select * from node_column where short_name like '%address%' or description like '%address%'
Show the total size of all files added in the last 30 days for each owner account.,"select t1.node_id, t1.short_name, sum(t3.fsize) from node_owner as t1 join edge_own as t2 on t1.node_id = t2.source_node_id join node_file as t3 on t2.target_node_id = t3.node_id where t3.creation_date >= now() - interval '30 days' group by t1.node_id, t1.short_name"
Show the number of columns that each business term has been assigned to in the past 10 days.,"select t1.short_name, count(*) from node_business_term as t1 join edge_assoc_term_col as t2 on t1.node_id = t2.source_node_id where t2.creation_date >= now() - interval '10 days' group by t1.node_id, t1.short_name"
Which directories does the directory 'part2' contain?,select t3.short_name from node_directory as t1 join edge_has_dir_file as t2 on t1.node_id = t2.source_node_id join node_directory as t3 on t2.target_node_id = t3.node_id where t1.short_name = 'part2'
"For each file extension, what is the average size of a file?","select extension, avg(fsize) from node_file group by extension"
"For each table in the data lake, count the number of columns that don't contain a description.","select t1.short_name, count(*) from node_table as t1 join edge_has_table_col as t2 on t1.node_id = t2.source_node_id where t1.description = '' group by t1.node_id, t1.short_name"
List all classification full labels that contain the word 'market'.,select long_name from node_classification where short_name like '%market%'
Show all tables with 'covid' in it's name.,select * from node_table where short_name like '%covid%'
How many directory in directory relations are there in the lake that were created in the past 5 days?,select count(*) from edge_has_dir_dir where creation_date >= now() - interval '5 days'
List all column ids and the number of associated business terms for all columns associated with at least 1 business term.,"select target_node_id, count(*) from edge_assoc_term_col group by target_node_id having count(*) > 0"
Give the average folder size for each asset owner.,"select t1.node_id, t1.short_name, avg(t3.dsize) from node_owner as t1 join edge_own as t2 on t1.node_id = t2.source_node_id join node_directory as t3 on t2.target_node_id = t3.node_id group by t1.node_id, t1.short_name"
What are the sizes of the 10 biggest files in the lake? Output sizes only.,select fsize from node_file order by fsize desc limit 10
Count the number of instances of edges of each type.,"select type_id, count(*) from edge group by type_id"
Print the name of every asset and it's owner.,"select t3.short_name, t1.short_name from node_owner as t1 join edge_own as t2 on t1.node_id = t2.source_node_id join node as t3 on t2.target_node_id = t3.node_id"
"Among assets created in the past one day, show the number of assets owned by each user account id.","select source_node_id, count(*) from edge_own where creation_date >= now() - interval '24 hours' group by source_node_id "
"Print short name, long name for the business entity identifier column.","select short_name, long_name from node_column where short_name = 'buss_entty_id'"
Show all metadata for any 10 tables in the lake.,select * from node_table limit 10
How many columns is each classification associated with?,"select t1.node_id, t1.short_name, count(*) from node_classification as t1 join edge_assoc_class_col as t2 on t1.node_id = t2.source_node_id group by t1.node_id, t1.short_name"
Which are the columns related to business terms created in the past year.,select t3.short_name from node_business_term as t1 join edge_assoc_term_col as t2 on t1.node_id = t2.source_node_id join node_column as t3 on t2.target_node_id = t3.node_id where t1.creation_date >= now() - interval '365 days'
How many columns are associated with each classification label that has 'nyc' as a prefix.,"select t1.short_name, count(*) from node_classification as t1 join edge_assoc_class_col as t2 on t1.node_id = t2.source_node_id where t1.short_name like 'nyc%' group by t1.node_id, t1.short_name"
Print names of all SQL databases.,select short_name from node_rdbms
"For each table, what are the ids of tables can be joined with it?","select t1.short_name, t2.target_node_id from node_table as t1 join edge_joinable_table_table as t2 on t1.node_id = t2.source_node_id"
Find all records for the table named 'bill_of_materials'.,select * from node_table where short_name = 'bill_of_materials'
Display the creation date and last modified date for the pay history table.,"select creation_date, modified_date from node_table where short_name = 'employee_pay_history'"
Find all assets whose name or description contains the term 'bicycle'.,"select short_name, description from node where short_name like '%nyc%' or description like '%bicycle%'"
Show all the details for all the tables in the lake.,select * from node_table
Count the number of business terms belonging to each asset owner.,"select t1.short_name, count(*) from node_owner as t1 join edge_own as t2 on t1.node_id = t2.source_node_id join node_business_term as t3 on t2.target_node_id = t3.node_id group by t1.node_id, t1.short_name"
List all columns with the word 'water' in it.,select short_name from node_column where short_name like '%water%'
Count the number of tables derived from each table in the past year.,"select t1.node_id, t1.short_name, count(*) from node_table as t1 join edge_derive_table_table as t2 on t1.node_id = t2.source_node_id where t2.creation_date >= now() - interval '365 days' group by t1.node_id, t1.short_name"
List all asset nodes in the lake created in the past 2 days.,select short_name from node where creation_date >= now() - interval '2 days'
How many columns does each table have?,"select short_name, num_cols from node_table"
List all asset nodes in the lake.,select short_name from node
How many assets of each type id were created in the last 3 days?,"select type_id, count(*) from node where creation_date >= now() - interval '3 days' group by type_id"
How many tables belong to each owner account?,"select t1.node_id, t1.short_name, count(*) from node_owner as t1 join edge_own as t2 on t1.node_id = t2.source_node_id join node_table as t3 on t2.target_node_id = t3.node_id group by t1.node_id, t1.short_name"
Show all meta data records for all business term column association relationships.,select * from edge_assoc_term_col
List the creation data of nosql databases created in the past week.,"select short_name, creation_date from node_nosql where creation_date >= now() - interval '7 days'"
What is the total size of files owned by each user?,"select t1.short_name, sum(t3.fsize) from node_owner as t1 join edge_own as t2 on t1.node_id = t2.source_node_id join node_file as t3 on t2.target_node_id = t3.node_id group by t1.node_id, t1.short_name"
Show the number of business terms owned by each owner account.,"select t1.node_id, t1.short_name, count(*) from node_owner as t1 join edge_own as t2 on t1.node_id = t2.source_node_id join node_business_term as t3 on t2.target_node_id = t3.node_id group by t1.node_id, t1.short_name"
Count the number of integer columns in the lake.,select count(*) from node_column where col_type = 'int64'
Which are the columns related to business terms created in the past year.,select t3.short_name from node_business_term as t1 join edge_assoc_term_col as t2 on t1.node_id = t2.source_node_id join node_column as t3 on t2.target_node_id = t3.node_id where t1.creation_date >= now() - interval '365 days'
Give me the creation date and last modified date for the 25 biggest tables in the lake by the number of columns.,"select short_name, creation_date, modified_date, num_rows from node_table order by num_cols desc limit 25"
Give the count of asset types in the system.,select count(distinct type_id) from node
What are the files id in the folder named 'production'?,select distinct(target_node_id) from edge_has_dir_file as t1 join node_directory as t2 on t1.source_node_id = t2.node_id where t2.short_name = 'production'
Show the creation date and description for the column named 'ccid'.,"select creation_date, description from node_column where short_name = 'ccid'"
Show the database type and last modified date for all databases that were last modified in the past 30 days.,"select short_name, database_type, modified_date from node_database where modified_date >= now() - interval '30 days'"
Order all assets in descending order of their last modified timestamp.,select short_name from node order by modified_date desc
Show the first 10 classification labels created.,"select short_name, creation_date from node_classification order by creation_date asc limit 10"
Count the columns associated with each classification asset in the lake that has 'nyc' as a prefix.,"select t1.short_name, count(*) from node_classification as t1 join edge_assoc_class_col as t2 on t1.node_id = t2.source_node_id where t1.short_name like 'nyc%' group by t1.node_id, t1.short_name"
Find all columns conatined by the tables in the lake catalog. Display the name and description for the relationship.,"select short_name, description from edge_has_table_col"
What are the joinable table pairs found in the last 24 hours?,select t1.short_name from node_table as t1 join edge_joinable_table_table as t2 on t1.node_id = t2.source_node_id join node_table as t3 on t2.target_node_id = t3.node_id where t2.creation_date >= now() - interval '24hours'
Display the creation date and last modified date for the pay history table.,"select creation_date, modified_date from node_table where short_name = 'employee_pay_history'"
What are the columns associated with at least one classification term?,select distinct t1.short_name from node_column as t1 join edge_assoc_class_col as t2 on t1.node_id = t2.target_node_id
How many directories are present in the data lake?,select count(*) from node_directory
Show all records for derived table relationships.,select * from edge_derive_table_table
"List the id, short name, long name and description for all business terms.","select node_id, short_name, long_name, description from node_business_term"
How many columns has each business term been assigned to in the past 20 days?,"select t1.node_id, t1.short_name, count(*) from node_business_term as t1 join edge_assoc_term_col as t2 on t1.node_id = t2.source_node_id where t2.creation_date >= now() - interval '20 days' group by t1.node_id, t1.short_name"
Show table records for the top 3 tables by number of columns.,select * from node_table order by num_cols limit 3
"For each asset type, how many assets are present in the lake?","select type_name, count(*) from node group by type_id, type_name"
Order assets by their id.,select short_name from node order by node_id asc
Find all owner accounts with the word 'research' in it's name or description.,select short_name from node_owner where short_name like '%research%' or description like '%research%'
How many classifications are owned by each user?,"select t1.node_id, t1.short_name, count(*) from node_owner as t1 join edge_own as t2 on t1.node_id = t2.source_node_id join node_classification as t3 on t2.target_node_id = t3.node_id group by t1.node_id, t1.short_name"
What are the total number of assets possessed by each account?,"select t1.short_name, count(*) from node as t1 join edge_own as t2 on t1.node_id = t2.source_node_id group by t1.node_id,  t1.short_name"
How many assets does each owner account own?,"select t1.short_name, count(*) from node as t1 join edge_own as t2 on t1.node_id = t2.source_node_id group by t1.node_id, t1.short_name"
Show the size of the 10 biggest csv files in the lake sorted in descending order of their sizes.,"select short_name, fsize from node_file where extension = 'csv' order by fsize desc limit 10"
Show the long name for the BOM table.,select long_name from node_table where short_name = 'bill_of_materials'
Show the last modified date for all columns in the lake.,select modified_date from node_column
List all assets owned by the user with user id '91'.,select t1.short_name from node as t1 join edge_own as t2 on t1.node_id = t2.target_node_id where t2.source_node_id = 91
Find all asset owners whose full name is John Smith.,select short_name from node_owner where long_name = 'John Smith'
What are the creation times for all folders in the data lake?,"select short_name, creation_date from node_directory"
Print the creation date and last modified date for the product description id column.,"select creation_date, modified_date from node_column where short_name = 'p_desc_id'"
List all tables that are unionable with the table 'swim_for_life'.,select t1.short_name from node_table as t1 join edge_unionable_table_table as t2 on t1.node_id = t2.target_node_id join node_table as t3 on t2.source_node_id = t3.node_id where t3.short_name = 'swim_for_life'
Which nodes have the ternm 'subcat' in it's name or description?,"select short_name, description from node where short_name like '%subcat%' or description like '%subcat%'"
Which tables have more than 25 rows in them?,select short_name from node_table where num_rows > 25
Show the name and descriptions for all columns associated with the classification 'timestamp'.,"select t3.short_name, t3.description from node_classification as t1 join edge_assoc_class_col as t2 on t1.node_id = t2.source_node_id join node_column as t3 on t2.target_node_id = t3.node_id where t1.short_name = 'timestamp'"
Which are the directories in the data lake that were created in the past 24 hours?,select short_name from node_directory where creation_date >= now() - interval '24 hours'
Show the column names and descriptions for all columns in the currency rate table.,"select t3.short_name, t3.description from node_table as t1 join edge_has_table_col as t2 on t1.node_id = t2.source_node_id join node_column as t3 on t2.target_node_id = t3.node_id where t1.short_name = 'new_fact_currency_rate'"
List all users who own less than 5 assets,"select t1.node_id, t1.short_name, count(*) from node_owner as t1 join edge_own as t2 on t1.node_id = t2.source_node_id group by t1.node_id, t1.short_name having count(*) < 5"
List sizes and descriptions for all files belonging to owner id 3.,"select t1.short_name, t1.fsize, t1.description from node_file as t1 join edge_own as t2 on t1.node_id = t2.target_node_id where t2.source_node_id = 3"
Print all integer columns in the data lake.,select short_name from node_column where col_type = 'int64'
Find the number of columns inside each table that have a classification label that contains the term 'phone' in it.,"select t1.node_id, t1.short_name, count(*) from node_table as t1 join edge_has_table_col as t2 on t1.node_id = t2.source_node_id join edge_assoc_class_col as t3 on t2.target_node_id = t3.target_node_id join node_classification as t4 on t3.source_node_id = t4.node_id where t4.short_name = 'phone' group by t1.node_id, t1.short_name"
How many tables can be unioned with each table in the lake?,"select t1.node_id, t1.short_name from node_table as t1 join edge_unionable_table_table as t2 on t1.node_id = t2.source_node_id group by t1.node_id"
How many columns of type 'integer' are present in the lake?,select count(*) from node_column where col_type = 'int64'
Show the creation date for the 5 biggest tables by the number of columns that contain the term 'enterprise' in their names.,select creation_date from node_table where short_name like '%enterprise%' order by num_cols desc limit 5
Show the number of files belonging to each owner account.,"select t1.short_name, count(*) from node_owner as t1 join edge_own as t2 on t1.node_id = t2.source_node_id join node_file as t3 on t2.target_node_id = t3.node_id group by t1.node_id, t1.short_name"
List all people who own one or more databases in the lake.,select distinct t1.short_name from node_owner as t1 join edge_own as t2 on t1.node_id = t2.source_node_id join node_database as t3 on t2.target_node_id = t3.node_id
Show all columns of type integer.,select short_name from node_column where col_type = 'int'
Which are the tables owned by the Business API group?,select t3.short_name from node_owner as t1 join edge_own as t2 on t1.node_id = t2.source_node_id join node_table as t3 on t2.target_node_id = t3.node_id where t1.short_name = 'biz_api'
Order nosql databases by modification timestamps.,"select short_name, modified_date from node_nosql order by modified_date desc"
How many columns does the taxi zones table have?,select num_cols from node_table where short_name = 'taxi_zones'
List all columns of type integer.,select short_name from node_column where col_type = 'int'
Print all the metadata for every nosql database in the data lake.,select * from node_nosql
Print all records for password hash columns.,select * from node_column where short_name = 'passwd_hash'
Find records for all columns named 'e_date'.,select * from node_column where short_name = 'e_date'
Calculate the average size of a file for each file extension.,"select extension, avg(fsize) from node_file group by extension"
What is the average file size for each asset owner?,"select t1.node_id, t1.short_name, avg(t3.fsize) from node_owner as t1 join edge_own as t2 on t1.node_id = t2.source_node_id join node_file as t3 on t2.target_node_id = t3.node_id group by t1.node_id, t1.short_name"
How many labels are owned by each asset owner that owns more than 10 labels,"select t1.node_id, t1.short_name, count(*) from node_owner as t1 join edge_own as t2 on t1.node_id = t2.source_node_id join node_label as t3 on t2.target_node_id = t3.node_id group by t1.node_id, t1.short_name having count(*) > 25"
"Display the name, long name and creation date for all tables in the lake.","select short_name, long_name, creation_date from node_table"
Find all assets with the term 'nyc' in it's name or description.,"select short_name, description from node where short_name like '%nyc%' or description like '%nyc%'"
Print out all metadata records for owner-asset relationships.,select * from edge_own
How many labels are owned by each user?,"select t1.short_name, count(*) from node_owner as t1 join edge_own as t2 on t1.node_id = t2.source_node_id join node_label as t3 on t2.target_node_id = t3.node_id group by t1.node_id, t1.short_name"
Give the description for the HR folder.,select description from node_directory where short_name = 'human_resources'
Find tables obtained from the file 'nycc.csv'.,select t3.short_name from node_file as t1 join edge_has_file_table as t2 on t1.node_id = t2.source_node_id join node_table as t3 on t2.target_node_id = t3.node_id where t1.short_name = 'nycc.csv'
What are the sub folders of the folder 'part6'?,select t3.short_name from node_directory as t1 join edge_has_dir_file as t2 on t1.node_id = t2.source_node_id join node_directory as t3 on t2.target_node_id = t3.node_id where t1.short_name = 'part6'
Show records for any 5 accounts that hold assets.,select * from node_owner limit 5
What is the average size of files with each different extension?,"select extension, avg(fsize) from node_file group by extension"
Display the names of the 10 oldest classification labels.,"select short_name, creation_date from node_classification order by creation_date asc limit 10"
Which tables were obtained from files with the prefix 'password'?,select t3.short_name from node_file as t1 join edge_has_file_table as t2 on t1.node_id = t2.source_node_id join node_table as t3 on t2.target_node_id = t3.node_id where t1.short_name like 'password%'
"Display the id, names and creation dates for all business terms.","select node_id, short_name, creation_date from node_business_term"
"List the name, description and creation date for all assets in the lake ordered by their creation dates.","select short_name, description, creation_date from node order by creation_date asc"
List all files in the HR folder.,select t3.short_name from node_directory as t1 join edge_has_dir_file as t2 on t1.node_id = t2.source_node_id join node_file as t3 on t2.target_node_id = t3.node_id where t1.short_name = 'human_resources'
Show the number of files and directories contained by each directory that has more than 25 sub items.,"select t1.node_id, t1.short_name, count(*) from node_directory as t1 join edge_has as t2 on t1.node_id = t2.source_node_id group by t1.node_id, t1.short_name having count(*) > 25"
How many directories are owned by each owner account?,"select t1.node_id, t1.short_name, count(*) from node_owner as t1 join edge_own as t2 on t1.node_id = t2.source_node_id join node_directory as t3 on t2.target_node_id = t3.node_id group by t1.node_id, t1.short_name"
"Show the name, description and type for all databases in the lake.","select short_name, description, database_type from node_database"
How many assets of each type id does each user account own?,"select t1.node_id, t1.short_name, t3.type_id, count(*) from node_owner as t1 join edge_own as t2 on t1.node_id = t2.source_node_id join node as t3 on t2.target_node_id = t3.node_id group by t1.node_id, t1.short_name, t3.type_id"
Show all columns of type bool.,select short_name from node_column where col_type = 'bool'
How many columns do each of the 10 newest tables in the lake have?,"select t1.node_id, t1.short_name, t1.creation_date, count(*) from node_table as t1 join edge_has_table_col as t2 on t1.node_id = t2.source_node_id group by t1.node_id, t1.short_name, t1.creation_date order by t1.creation_date desc limit 10"
"For each table id, show the number of tables derived from it.","select t1.node_id, count(*) from node_table as t1 join edge_derive_table_table as t2 on t1.node_id = t2.source_node_id group by t1.node_id"
Print all metadata records for ownership relations.,select * from edge_own
How many columns with descriptions are present in each of the tables?,"select t1.node_id, t1.short_name, count(*) from node_table as t1 join edge_has_table_col as t2 on t1.node_id = t2.source_node_id where t1.description <> '' group by t1.node_id, t1.short_name"
Find the tables that contain the word 'contact' in their names and also in the name of one or more columns.,select t1.short_name from node_table as t1 join edge_has_table_col as t2 on t1.node_id = t2.source_node_id join node_column as t3 on t2.target_node_id = t3.node_id where t1.short_name like '%contact%' and t3.short_name like '%contact%'
List the owner for each asset in the database.,"select t3.short_name, t1.short_name from node_owner as t1 join edge_own as t2 on t1.node_id = t2.source_node_id join node as t3 on t2.target_node_id = t3.node_id"
Print the maximum column length for the column named 'cult_name'.,select max_col_length from node_column where short_name = 'cult_name'
How many assets of each type id were created in the last 3 days?,"select type_id, count(*) from node where creation_date >= now() - interval '3 days' group by type_id"
Show all directories which a mean subdirectory size greater than 5kb.,"select t1.short_name, avg(t3.dsize)  from node_directory as t1 join edge_has_dir_dir as t2 on t1.node_id = t2.source_node_id join node_directory as t3 on t2.target_node_id = t3.node_id group by t1.node_id, t1.short_name having avg(t3.dsize) > 5"
Sort all databases in the lake from oldest to newest.,select short_name from node_database order by creation_date asc
Order all rdbms by their creation date.,"select short_name, creation_date from node_rdbms order by creation_date asc"
"Show the name, long name and description for the start date column in the bill of materials table.","select t3.short_name, t3.long_name, t3.description from node_table as t1 join edge_has_table_col as t2 on t1.node_id = t2.source_node_id join node_column as t3 on t2.target_node_id = t3.node_id where t1.short_name = 'bill_of_materials' and t3.short_name = 's_date'"
Sort all owner account by account age.,"select short_name, creation_date from node_owner order by creation_date asc"
Show the number of assets owned by each user that owns more than 50 assets.,"select t1.short_name, count(*) from node_owner as t1 join edge_own as t2 on t1.node_id = t2.source_node_id group by t1.node_id, t1.short_name having count(*) > 50"
Show all records for the job candidate id column.,select * from node_column where short_name = 'job_cand_id'
Show all records for all assets in the lake.,select * from node
Display all the records for 10 oldest assets in the lake by modified date.,select * from node order by modified_date asc limit 10
List all records for the 'cv' column.,select * from node_column where short_name = 'cv'
What is minimum size of a directory owned by each user?,"select t1.short_name, min(t3.dsize) from node_owner as t1 join edge_own as t2 on t1.node_id = t2.source_node_id join node_directory as t3 on t2.target_node_id = t3.node_id group by t1.node_id, t1.short_name"
Print all metadata records for classification labels.,select * from node_classification
Show meta data for all the joinable relation records found in the last 24 hours.,select * from edge_joinable_table_table where creation_date >= now() - interval '24 hours'
Print all records for the dim sales territory table.,select * from node_table where short_name = 'dim_sales_territory'
Print creation date for the resume column.,select creation_date from node_column where short_name = 'cv'
Show the number of columns associated with all business terms that have the word 'customer' in their names.,"select t1.node_id, t1.short_name, count(*) from node_business_term as t1 join edge_assoc_term_col as t2 on t1.node_id = t2.source_node_id where t1.short_name like '%customer%' group by t1.node_id, t1.short_name"
List all files in the HR folder.,select t3.short_name from node_directory as t1 join edge_has_dir_file as t2 on t1.node_id = t2.source_node_id join node_file as t3 on t2.target_node_id = t3.node_id where t1.short_name = 'human_resources'
Show all the folders belonging to 'mjordan'.,select t1.short_name from node_directory as t1 join edge_own as t2 on t1.node_id = t2.target_node_id join node_owner as t3 on t2.source_node_id = t3.node_id where t3.short_name = 'mjordan'
Show the full table names that were derived from excel files.,select t3.long_name from node_file as t1 join edge_has_file_table as t2 on t1.node_id = t2.source_node_id join node_table as t3 on t2.target_node_id = t3.node_id where t1.extension = '.xlsx'
Which are the tables contain a column that includes the word 'borough' in it's name?,select t1.short_name from node_table as t1 join edge_has_table_col as t2 on t1.node_id = t2.source_node_id join node_column as t3 on t2.target_node_id = t3.node_id where t3.short_name like '%borough%'
Print metadata records for columns.,select * from node_column
Count all possible joinable tables for each table in the lake.,"select t1.short_name from node_table as t1 join edge_joinable_table_table as t2 on t1.node_id = t2.source_node_id group by t1.node_id, t1.short_name"
Print description of table count for relational databases that have 35 tables or more.,select description from node_rdbms where num_tables >= 35
Find all columns with word 'school' in it's name within a table whose name starts with the word 'traffic'.,select t1.short_name from node_table as t1 join edge_has_table_col as t2 on t1.node_id = t2.source_node_id join node_column as t3 on t2.target_node_id = t3.node_id where t1.short_name like 'traffic%' and t3.short_name like '%school%'
Print out all records for unionable table relations in the lake.,select * from edge_unionable_table_table
Show all tables created after June 24 2023.,select short_name from node_table where creation_date >= '2023-06-24'
Count the number of assets owned by each account having more than 30 assets.,"select t1.node_id, t1.short_name, count(*) from node_owner as t1 join edge_own as t2 on t1.node_id = t2.source_node_id group by t1.node_id, t1.short_name having count(*) > 30 "
Order all relational databases by number of tables.,select short_name from node_rdbms order by num_tables desc
Print metadata records for fsq table.,select * from node_table where short_name = 'fact_sales_quota'
How many columns does the model illustration table have?,select num_cols from node_table where short_name = 'model_illustration'
Count the number of columns of each type present in tables in that contain the word 'water' in their names.,"select t3.col_type, count(*) from node_table as t1 join edge_has_table_col as t2 on t1.node_id = t2.source_node_id join node_column as t3 on t2.target_node_id = t3.node_id where t1.short_name like '%water%' group by t3.col_type"
Count the number of nosql databases in the lake.,select count(*) from node_nosql
"For each directory id, list the number of files directly under it.","select source_node_id, count(*) from edge_has_dir_file group by source_node_id"
List the owner id for every table.,"select t1.short_name, t2.source_node_id from node_table as t1 join edge_own as t2 on t1.node_id = t2.target_node_id"
When was each owner account created?,"select short_name, creation_date from node_owner"
How many columns is each classification associated with?,"select t1.short_name, count(*) from node_classification as t1 join edge_assoc_class_col as t2 on t1.node_id = t2.source_node_id group by t1.node_id, t1.short_name"
Show all columns of type integer.,select short_name from node_column where col_type = 'int'
Display all records for the employee master database.,select * from node_rdbms where short_name = 'employee_db'
Show all csv files that have 'work' in their names.,select short_name from node_file where extension = '.csv' and short_name like '%work%'
Calculate the mean size of a file for owner account that own more than 20 files.,"select t1.node_id, t1.short_name, count(*), avg(t3.fsize) from node_owner as t1 join edge_own as t2 on t1.node_id = t2.source_node_id join node_file as t3 on t2.target_node_id = t3.node_id group by t1.node_id, t1.short_name having count(*) > 20"
Find all classifications belonging to 'zzheng' that were created in the past 30 days.,select t3.short_name from node_owner as t1 join edge_own as t2 on t1.node_id = t2.source_node_id join node_classification as t3 on t2.target_node_id = t3.node_id where t3.creation_date >= now() - interval '30 days' and t1.short_name = 'zzheng'
Order files by their sizes.,"select short_name, fsize from node_file order by fsize desc"
List all distinct column names that have labels associated with them.,select distinct t1.short_name from node_column as t1 join edge_assoc as t2 on t1.node_id = t2.target_node_id
"For each asset, list whom it belongs to.","select t3.short_name, t1.short_name from node_owner as t1 join edge_own as t2 on t1.node_id = t2.source_node_id join node as t3 on t2.target_node_id = t3.node_id"
"Give the name, long name and description for all columns named 'mod_date'.","select short_name, long_name, description from node_column where short_name = 'mod_date'"
Show the 10 most recent files by modification date.,select short_name from node_file order by modified_date desc limit 10
Count all possible unionable tables for each table.,"select t1.node_id, t1.short_name from node_table as t1 join edge_unionable_table_table as t2 on t1.node_id = t2.source_node_id group by t1.node_id"
Which tables have more than 100 rows in them?,select short_name from node_table where num_rows > 100
Find all tables in the lake derived from csv files.,select t3.short_name from node_file as t1 join edge_has_file_table as t2 on t1.node_id = t2.source_node_id join node_table as t3 on t2.target_node_id = t3.node_id where t1.extension = 'csv'
Find all classifications with the term 'market'.,select short_name from node_classification where short_name like '%market%'
Find all columns that were created in the past one year and contains the term 'id' in it's name.,"select short_name, creation_date from node_column where short_name like '%id%' and creation_date >= now() - interval '365 days'"
Count the number of columns that each business term has been assigned to in the past 10 days.,"select t1.node_id, t1.short_name, count(*) from node_business_term as t1 join edge_assoc_term_col as t2 on t1.node_id = t2.source_node_id where t2.creation_date >= now() - interval '10 days' group by t1.node_id, t1.short_name"
Find columns associated with business terms created in the last 15 days.,select t3.short_name from node_business_term as t1 join edge_assoc_term_col as t2 on t1.node_id = t2.source_node_id join node_column as t3 on t2.target_node_id = t3.node_id where t1.creation_date >= now() - interval '15 days'
List the description and creation date for the 'employee_db' SQL database.,"select description, creation_date from node_rdbms where short_name = 'employee_db'"
Show all metadata for label association relationships created in the past week.,select * from edge_assoc where creation_date >= now() - interval '7 days'
Show the number of database instance present for each database asset.,"select type_name, count(*) from node_database group by type_id, type_name"
Count the number of columns of each type present in the lake.,"select col_type, count(*) from node_column group by col_type"
Show all metadata records for the DDG table.,select * from node_table where short_name = 'dim_department_group'
Show the average size of a file owned by each user for all users who own more than 10 files.,"select t1.node_id, t1.short_name, count(*), avg(t3.fsize) from node_owner as t1 join edge_own as t2 on t1.node_id = t2.source_node_id join node_file as t3 on t2.target_node_id = t3.node_id group by t1.node_id, t1.short_name having count(*) > 10"
Show me the name and description for every nosql database in the lake that contains the term 'nvidia' in it's description.,"select short_name, description from node_nosql where description like '%nvidia%'"
Print the names and descriptions of all tables that have more than 25 columns?,"select short_name, description from node_table where num_cols > 25"
Print all bool columns in the data lake.,select short_name from node_column where col_type = 'bool'
Show all the people who created business terms in the last 10 days.,select t1.short_name from node_owner as t1 join edge_own as t2 on t1.node_id = t2.source_node_id join node_business_term as t3 on t2.target_node_id = t3.node_id where t3.creation_date >= now() - interval '10 days'
Which are the columns that are associated with the classification 'enterprise'?,"select t3.node_id, t3.short_name from node_classification as t1 join edge_assoc_class_col as t2 on t1.node_id = t2.source_node_id join node_column as t3 on t2.target_node_id = t3.node_id where t1.short_name = 'enterprise'"
Show the creation date for all relational databases.,"select short_name, creation_date from node_rdbms"
Sort all business terms created in the past 5 days by it's creation timestamp.,select short_name from node_label where creation_date >= now() - interval '5 days' order by creation_date asc
How many business terms are owned by each user?,"select t1.node_id, t1.short_name, count(*) from node_owner as t1 join edge_own as t2 on t1.node_id = t2.source_node_id join node_business_term as t3 on t2.target_node_id = t3.node_id group by t1.node_id, t1.short_name"
Count the number of columns that each business term is associated with.,"select t1.node_id, t1.short_name, count(*) from node_business_term as t1 join edge_assoc_term_col as t2 on t1.node_id = t2.source_node_id group by t1.node_id, t1.short_name"
Show me the description for every nosql database in the lake that contains the term 'nvidia' in it's description.,"select short_name, description from node_nosql where description like '%nvidia%'"
Display classification labels that contain the word 'market'.,select short_name from node_classification where short_name like '%market%'
Print the total number of nosql databases.,select count(*) from node_nosql
Display all records for the bill of materials table.,select * from node_table where short_name = 'bill_of_materials'
How many directory in directory relations are there in the lake that were created in the past 5 days?,select count(*) from edge_has_dir_dir where creation_date >= now() - interval '5 days'
"Print the name, owner id and last modified timestamp for each directory.","select t1.short_name, t2.source_node_id, t1.modified_date from node_directory as t1 join edge_own as t2 on t1.node_id = t2.target_node_id"
Show the type and length for all columns in the lake within tables that have the word 'vehicle' in their names.,"select t3.col_type, t3.max_col_length from node_table as t1 join edge_has_table_col as t2 on t1.node_id = t2.source_node_id join node_column as t3 on t2.target_node_id = t3.node_id where t1.short_name like '%vehicle%'"
Name any 5 directories that were modified in the past 10 days.,select short_name from node_directory where modified_date >= now() - interval '10 days' limit 5
Find all tables in the lake derived from json files and have more than 50 columns.,select t3.short_name from node_file as t1 join edge_has_file_table as t2 on t1.node_id = t2.source_node_id join node_table as t3 on t2.target_node_id = t3.node_id where t1.extension = 'json' and t3.num_cols > 50
List the creation date of every single nosql database with 'vehicle' in it's description.,select creation_date from node_nosql where description like '%vehicle%'
Count the number of edges for each directory node.,"select t1.short_name, count(*) from node_directory as t1 join edge_has as t2 on t1.node_id = t2.target_node_id join node as t3 on t2.source_node_id = t3.node_id group by t1.node_id"
Show all metadata for label association relationships.,select * from edge_assoc
Print names of all the fact tables.,select short_name from node_table where short_name like '%fact%'
Count the columns associated with each classification asset in the lake that has 'water' as a prefix.,"select t1.short_name, count(*) from node_classification as t1 join edge_assoc_class_col as t2 on t1.node_id = t2.source_node_id where t1.short_name like 'water%' group by t1.node_id, t1.short_name"
List all the unionable table pairs.,"select t1.short_name, t3.short_name from node_table as t1 join edge_unionable_table_table as t2 on t1.node_id = t2.target_node_id join node_table as t3 on t2.source_node_id = t3.node_id"
Display the names of files in the sales or purchasing folders.,select t3.short_name from node_directory as t1 join edge_has_dir_file as t2 on t1.node_id = t2.source_node_id join node_file as t3 on t2.target_node_id = t3.node_id where t1.short_name = 'sales' or t1.short_name = 'purchasing'
Count the number of joinable relationships found for each table in the past 3 days.,"select t1.short_name, count(*) from node_table as t1 join edge_joinable_table_table as t2 on t1.node_id = t2.source_node_id where t2.creation_date >= now() - interval '3 days' group by t1.node_id, t1.short_name"
List 5 derived tables.,select t1.short_name from node_table as t1 join edge_derive_table_table on t1.node_id = edge_derive_table_table.target_node_id join node_table as t2 on edge_derive_table_table.source_node_id = t2.node_id limit 5
Show all the records for the BOM table.,select * from node_table where short_name = 'bill_of_materials'
Which assets are owned by the lab?,select t3.short_name from node_owner as t1 join edge_own as t2 on t1.node_id = t2.source_node_id join node as t3 on t2.target_node_id = t3.node_id where t1.short_name = 'cslab'
Display all the metadata for all tables.,select * from node_table
Which columns have at least one business term associated with them?,select distinct t1.short_name from node_column as t1 join edge_assoc_term_col as t2 on t1.node_id = t2.target_node_id
How many columns are present in each of the tables create in the past 7 days?,"select t1.node_id, t1.short_name, count(*) from node_table as t1 join edge_has_table_col as t2 on t1.node_id = t2.source_node_id where t1.creation_date >= now() - interval '7 days' group by t1.node_id, t1.short_name"
Show the size of the 10 biggest csv files in the lake sorted in descending order of their sizes.,"select short_name, fsize from node_file where extension = 'csv' order by fsize desc limit 10"
Order all databases by their last modified date.,select short_name from node_database order by modified_date desc
How many files are there in the folder named 'production'?,select count(*) from edge_has_dir_file as t1 join node_directory as t2 on t1.source_node_id = t2.node_id where t2.short_name = 'production'
Sort all relational databases by the number of tables they contain.,"select short_name, num_tables from node_rdbms order by num_tables desc"
Show the creation dates for the 10 oldest assets in the lake.,"select short_name, creation_date from node order by creation_date asc limit 10"
Count the number of boolean columns in the lake.,select count(*) from node_column where col_type = 'bool'
How many relational databases are present in the lake?,select count(*) from node_rdbms
Count total files and folders directly under each folder.,"select t1.short_name, count(*) from node_directory as t1 join edge_has as t2 on t1.node_id = t2.target_node_id join node as t3 on t2.source_node_id = t3.node_id group by t1.short_name, t1.node_id"
Which asset owner account ids own more than 5 assets? How many assets they have?,"select source_node_id, count(*) from edge_own group by source_node_id having count(*) > 5"
List all folders which have a subfolder size greater than 5kb,"select t1.node_id, t1.short_name, avg(t3.dsize) from node_directory as t1 join edge_has_dir_dir as t2 on t1.node_id = t2.source_node_id join node_directory as t3 on t2.target_node_id = t3.node_id group by t1.node_id, t1.short_name having avg(t3.dsize) > 5"
"Select the type id, short name, long name and description for all labels.","select type_id, short_name, long_name, description from node_label"
List all asset nodes in the lake created in the past 4 days.,"select short_name, creation_date from node where creation_date >= now() - interval '4 days'"
When was each business term created?,"select short_name, creation_date from node_business_term"
Sort the relational databases in the lake by the number of tables they contain.,select short_name from node_rdbms order by num_tables
How many columns are present in each of the tables create in the past 7 days?,"select t1.node_id, t1.short_name, count(*) from node_table as t1 join edge_has_table_col as t2 on t1.node_id = t2.source_node_id where t1.creation_date >= now() - interval '7 days' group by t1.node_id, t1.short_name"
Show all tables with 10 columns or more.,"select t1.short_name from node_table as t1 join edge_has_table_col as t2 on t1.node_id = t2.source_node_id group by t1.node_id, t1.short_name having count(*) >= 10"
List all csv files in the directory 'part5'.,select t3.short_name from node_directory as t1 join edge_has_dir_file as t2 on t1.node_id = t2.source_node_id join node_file as t3 on t2.target_node_id = t3.node_id where t1.short_name = 'part5' and t3.extension = 'csv'
Show all metadata records for the DDG table.,select * from node_table where short_name = 'dim_department_group'
List all assets whose name contains the word 'voter'.,select short_name from node where short_name like '%voter%'
Which are the databases in the lake owned by 'cslab'?,select t3.short_name from node_owner as t1 join edge_own as t2 on t1.node_id = t2.source_node_id join node_database as t3 on t2.target_node_id = t3.node_id where t1.short_name = 'cslab'
Show the name and descriptions for all columns associated with the classification 'timestamp'.,"select t3.short_name, t3.description from node_classification as t1 join edge_assoc_class_col as t2 on t1.node_id = t2.source_node_id join node_column as t3 on t2.target_node_id = t3.node_id where t1.short_name = 'timestamp'"
"For each classification that has 'water' as a prefix, how many columns are associated with it?","select t1.node_id, t1.short_name, count(*) from node_classification as t1 join edge_assoc_class_col as t2 on t1.node_id = t2.source_node_id where t1.short_name like 'water%' group by t1.node_id, t1.short_name"
Display the creation date for all tables in the lake.,select creation_date from node_table
How many tables are derived from the table 'nycc'?,select count(*) from node_table as t1 join edge_derive_table_table as t2 on t1.node_id = t2.source_node_id join node_table as t3 on t2.target_node_id = t3.node_id where t1.short_name = 'nycc'
Order all csv files by their creation date from the newest to the oldest.,select short_name from node_file where extension = '.csv' order by creation_date desc
Print all records for the 25 most recently modified assets.,select * from node order by modified_date desc limit 25
Print out the creation date and owner for every file in the data lake.,"select t3.short_name, t3.creation_date, t1.short_name from node_owner as t1 join edge_own as t2 on t1.node_id = t2.source_node_id join node_file as t3 on t2.target_node_id = t3.node_id"
Order nosql databases by modification timestamp.,"select short_name, modified_date from node_nosql order by modified_date desc"
Show all columns of type string.,select short_name from node_column where col_type = 'string'
"For each asset, list whom it belongs to.","select t3.short_name, t1.short_name from node_owner as t1 join edge_own as t2 on t1.node_id = t2.source_node_id join node as t3 on t2.target_node_id = t3.node_id"
Show the number of unionable relationships found for each table in the past 24 hours.,"select t1.node_id, t1.short_name, count(*) from node_table as t1 join edge_unionable_table_table as t2 on t1.node_id = t2.source_node_id where t2.creation_date >= now() - interval '24 hours' group by t1.node_id, t1.short_name"
List ids for all folders that contain more than 100 files.,"select source_node_id, count(*) from edge_has_dir_file group by source_node_id having count(*) > 100"
Find all classifications associated with a column whose description contains the term 'knowledge'.,select t1.short_name from node_classification as t1 join edge_assoc_class_col as t2 on t1.node_id = t2.source_node_id join node_column as t3 on t2.target_node_id = t3.node_id where t3.description like '%knowledge%'
Show the size of all files in the lake ordered from the biggest to the smallest.,select fsize from node_file order by fsize desc
List all tables that have more than 25 rows.,"select short_name, num_rows from node_table where num_rows > 25"
Display the name and description for all databases.,"select short_name, description from node_database"
Show the mean size of a subdirectory within each directory.,"select t1.short_name, avg(t3.dsize)  from node_directory as t1 join edge_has_dir_dir as t2 on t1.node_id = t2.source_node_id join node_directory as t3 on t2.target_node_id = t3.node_id group by t1.node_id, t1.short_name"
Show the columns that have the word 'water' in their name or description?,select * from node_column where short_name like '%water%' or description like '%water%'
Give me the id and name for all columns with at least one label.,"select distinct t1.node_id, t1.short_name from node_column as t1 join edge_assoc as t2 on t1.node_id = t2.target_node_id"
Count the number of assets of each type owned by each user.,"select t1.node_id, t1.short_name, t3.type_id, count(*) from node_owner as t1 join edge_own as t2 on t1.node_id = t2.source_node_id join node as t3 on t2.target_node_id = t3.node_id group by t1.node_id, t1.short_name, t3.type_id"
How many columns does each asset owner own?,"select t1.node_id, t1.short_name, count(*) from node_owner as t1 join edge_own as t2 on t1.node_id = t2.source_node_id join node_column as t3 on t2.target_node_id = t3.node_id group by t1.node_id, t1.short_name"
What is the average size of files with each different extension?,"select extension, avg(fsize) from node_file group by extension"
Order all column in the lake from newest to oldest.,"select short_name, creation_date from node_column order by creation_date desc"
How many tables were derived from each table in the lake in the past 24 hours?,"select t1.node_id, t1.short_name, count(*) from node_table as t1 join edge_derive_table_table as t2 on t1.node_id = t2.source_node_id where t2.creation_date >= now() - interval '24 hours' group by t1.node_id, t1.short_name"
Count the total number of tables in the lake.,select count(*) from node_table
Show the names of all the columns in the data lake along with the table that they belong to.,"select t3.short_name, t1.short_name from node_table as t1 join edge_has_table_col as t2 on t1.node_id = t2.source_node_id join node_column as t3 on t2.target_node_id = t3.node_id"
Show the names and creation date of the 5 oldest derived tables.,"select t1.short_name, t1.creation_date from node_table as t1 join edge_derive_table_table as t2 on t1.node_id = t2.target_node_id order by t1.creation_date asc limit 5"
"Show the short name, long name and description for the job candidate table.","select short_name, long_name, description from node_table where short_name = 'job_candidate'"
Find all tables whose name contains 'weight' as a prefix and has a column which contains 'building' as a prefix.,select t1.short_name from node_table as t1 join edge_has_table_col as t2 on t1.node_id = t2.source_node_id join node_column as t3 on t2.target_node_id = t3.node_id where t1.short_name like 'weight%' and t3.short_name like 'building%'
Display all records for any 10 assets in the lake.,select * from node limit 10
Find all classifications associated with a column whose description contains the term 'knowledge'.,select t1.short_name from node_classification as t1 join edge_assoc_class_col as t2 on t1.node_id = t2.source_node_id join node_column as t3 on t2.target_node_id = t3.node_id where t3.description like '%knowledge%'
Give me the names and long names of all directories which have a mean subdirectory size greater than 5kb.,"select t1.short_name, t1.description, avg(t3.dsize) from node_directory as t1 join edge_has_dir_dir as t2 on t1.node_id = t2.source_node_id join node_directory as t3 on t2.target_node_id = t3.node_id group by t1.node_id, t1.short_name, t1.description having avg(t3.dsize) > 5"
Show the number of columns that each business term has been assigned to in the past 50 days.,"select t1.short_name, count(*) from node_business_term as t1 join edge_assoc_term_col as t2 on t1.node_id = t2.source_node_id where t2.creation_date >= now() - interval '50 days' group by t1.node_id, t1.short_name"
How many assets are owned by each account older than 2 years?,"select t1.short_name, count(*) from node_owner as t1 join edge_own as t2 on t1.node_id = t2.source_node_id where t1.creation_date <= now() - interval '2 years' group by t1.node_id, t1.short_name"
"Display short name, long name and description for the password salt column.","select short_name, long_name, description from node_column where short_name = 'passwd_salt'"
Show the average size of a file directly inside each folder in the lake.,"select t1.short_name, avg(t3.fsize)  from node_directory as t1 join edge_has_dir_file as t2 on t1.node_id = t2.source_node_id join node_file as t3 on t2.target_node_id = t3.node_id group by t1.node_id, t1.short_name"
"Display the name, long name, description and last modification date for the document owner column?","select short_name, long_name, description, modified_date from node_column where short_name = 'doc_owr'"
Print the creation and last modification timestamp for the human resources directory.,"select creation_date, modified_date from node_directory where short_name = 'human_resources'"
"Among assets created in the past one day, show the number of assets owned by each user account id.","select source_node_id, count(*) from edge_own where creation_date >= now() - interval '24 hours' group by source_node_id "
Display the number of folders belonging to each asset owner.,"select t1.short_name, count(*) from node_owner as t1 join edge_own as t2 on t1.node_id = t2.source_node_id join node_directory as t3 on t2.target_node_id = t3.node_id group by t1.node_id, t1.short_name"
How many columns of type 'integer' are present in the lake?,select count(*) from node_column where col_type = 'int'
How many columns does each table in the lake contain?,"select short_name, num_cols from node_table"
Show all metadata for 'has' relations.,select * from edge_has
Which directories does the directory 'part2' contain?,select t3.short_name from node_directory as t1 join edge_has_dir_file as t2 on t1.node_id = t2.source_node_id join node_directory as t3 on t2.target_node_id = t3.node_id where t1.short_name = 'part2'
"Print short name, long name and description for files in the HR directory.","select t3.short_name, t3.long_name, t3.description from node_directory as t1 join edge_has_dir_file as t2 on t1.node_id = t2.source_node_id join node_file as t3 on t2.target_node_id = t3.node_id where t3.short_name = 'human_resources'"
List all the files owned by 'asmith'.,select t1.short_name from node_file as t1 join edge_own as t2 on t1.node_id = t2.target_node_id join node_owner as t3 on t2.source_node_id = t3.node_id where t3.short_name = 'asmith'
Show the type and length for all columns in the lake within tables that have the word 'vehicle' in their names.,"select t3.short_name, t3.col_type, t3.max_col_length from node_table as t1 join edge_has_table_col as t2 on t1.node_id = t2.source_node_id join node_column as t3 on t2.target_node_id = t3.node_id where t1.short_name like '%vehicle%'"
Find all tables in the lake derived from xlsx files.,select t3.short_name from node_file as t1 join edge_has_file_table as t2 on t1.node_id = t2.source_node_id join node_table as t3 on t2.target_node_id = t3.node_id where t1.extension = 'xlsx'
Show the creation date and description for the address table.,"select creation_date, description from node_table where short_name = 'address'"
Print the mean directory size for each asset owner account.,"select t1.node_id, t1.short_name, avg(t3.dsize) from node_owner as t1 join edge_own as t2 on t1.node_id = t2.source_node_id join node_directory as t3 on t2.target_node_id = t3.node_id group by t1.node_id, t1.short_name"
Show all columns of type boolean.,select short_name from node_column where col_type = 'bool'
"Show the creation date, last modified date and descriptions for all labels in the data lake.","select creation_date, description from node_label"
Which files contain a table with the term 'country' in their name?,select t1.short_name from node_file as t1 join edge_has_file_table as t2 on t1.node_id = t2.source_node_id join node_table as t3 on t2.target_node_id = t3.node_id where t3.short_name like '%country%'
Find the total size of files owned by each asset owner that owns 5 files or more.,"select t1.short_name, sum(t3.fsize) from node_owner as t1 join edge_own as t2 on t1.node_id = t2.source_node_id join node_file as t3 on t2.target_node_id = t3.node_id group by t1.node_id, t1.short_name having count(*) >= 5"
List all users who own exactly 5 assets,"select t1.node_id, t1.short_name, count(*) from node_owner as t1 join edge_own as t2 on t1.node_id = t2.source_node_id group by t1.node_id, t1.short_name having count(*) = 5"
"For each owner account, calculate the average size of a file added in the past month.","select t1.node_id, t1.short_name, sum(t3.fsize) from node_owner as t1 join edge_own as t2 on t1.node_id = t2.source_node_id join node_file as t3 on t2.target_node_id = t3.node_id where t3.creation_date >= now() - interval '30 days' group by t1.node_id, t1.short_name"
"Print the creation date, description and last modification date for the database named 'sales_db'.","select creation_date, description, modified_date from node_database where short_name = 'sales_db'"
Display all records for the employee master database.,select * from node_rdbms where short_name = 'employee_db'
What are 10 biggest tables by row counts?,"select short_name, num_rows from node_table order by num_rows limit 10"
List all records for the tables named 'fact_sales_quota'.,select * from node_table where short_name = 'fact_sales_quota'
"Print the name, long name and description for the directory named 'dbo'.","select short_name, long_name, description from node_directory where short_name = 'dbo'"
Find all columns whose name or description contains the term 'id'.,"select short_name, description from node_column where short_name like '%id%' or description like '%id%'"
Show the type and creation date for all databases in the lake.,"select short_name, database_type, creation_date from node_database"
How many assets of each type are there in the lake?,"select type_name, count(*) from node group by type_id, type_name"
"For each table, how many other tables can be joined with it?","select t1.short_name, count(*) from node_table as t1 join edge_joinable_table_table as t2 on t1.node_id = t2.source_node_id group by t1.node_id, t1.short_name"
Order files by extension and from oldest to newest.,"select short_name, extension, creation_date from node_file order by extension asc, creation_date asc"
How many nodes are present in the lake?,select count(*) from node
Show the extension and size of the 25 most recently created files.,"select extension, fsize, creation_date from node_file order by creation_date desc limit 25"
Display creation full name and description for the classification labeled 'state'.,"select long_name, description from node_classification where short_name = 'state'"
Show all metadata for label association relationships created in the past week.,select * from edge_assoc where creation_date >= now() - interval '7 days'
When was each business term created?,"select short_name, creation_date from node_business_term"
Which are the relational databases in the lake owned by 'cslab'?,select t3.short_name from node_owner as t1 join edge_own as t2 on t1.node_id = t2.source_node_id join node_rdbms as t3 on t2.target_node_id = t3.node_id where t1.short_name = 'cslab'
Count the number of columns for all tables created in the last one week.,"select t1.node_id, t1.short_name, count(*) from node_table as t1 join edge_has_table_col as t2 on t1.node_id = t2.source_node_id where t1.creation_date >= now() - interval '7 days' group by t1.node_id, t1.short_name"
Count the number of different types of files in the lake?,select count(distinct extension) from node_file
Show the database type and last modified date for all databases that were last modified in the past 30 days.,"select database_type, modified_date from node_database where modified_date >= now() - interval '30 days'"
Find all tables in the lake that have 5 columns or more.,"select short_name, num_cols from node_table where num_cols >= 5"
List all directory names with size greater than 1MB.,select short_name from node_directory where dsize > 1000
Show the names of the last 5 modified directories.,"select short_name, modified_date from node_directory order by modified_date desc"
Show all files with the extension and size in the lake.,"select short_name, extension, fsize from node_file"
"Show all tables that have 10 or more rows, 10 or more columns and were created in the last 10 days.",select short_name from node_table where num_rows >= 10 and num_cols >= 10 and creation_date >= now() - interval '10 days'
List all tables that are unionable with the table 'swim_for_life'.,select t1.short_name from node_table as t1 join edge_unionable_table_table as t2 on t1.node_id = t2.target_node_id join node_table as t3 on t2.source_node_id = t3.node_id where t3.short_name = 'swim_for_life'
Count owner accounts.,select count(*) from node_owner
What are the folders present in the lake?,select short_name from node_directory
"For each table, count the number of columns associated with the classification 'customer'.","select t1.node_id, t1.short_name, count(*) from node_table as t1 join edge_has_table_col as t2 on t1.node_id = t2.source_node_id join edge_assoc_class_col as t3 on t2.target_node_id = t3.target_node_id join node_classification as t4 on t3.source_node_id = t4.node_id where t4.short_name = 'customer' group by t1.node_id, t1.short_name"
"Print the creation date, description and last modification date for the sales database.","select creation_date, description, modified_date from node_database where short_name = 'sales_db'"
How many columns does each asset owner own?,"select t1.short_name, count(*) from node_owner as t1 join edge_own as t2 on t1.node_id = t2.source_node_id join node_column as t3 on t2.target_node_id = t3.node_id group by t1.node_id, t1.short_name"
List all assets owned by 'cslab'.,select t3.short_name from node_owner as t1 join edge_own as t2 on t1.node_id = t2.source_node_id join node as t3 on t2.target_node_id = t3.node_id where t1.short_name = 'cslab'
Show the type ids and counts for each asset type that contains more than 25 instances.,"select type_id, count(*) from node group by type_id having count(*) > 25"
Print all records created in the past 3 days for relations outlining a column within a table.,select * from edge_has_table_col where creation_date >= now() - interval '3 days'
Order the csv files in the data lake from the most recently created to the least recently created.,select short_name from node_file where extension = 'csv' order by creation_date desc
"Display the column type, column length and description for each column with length greater than 100 characters.","select short_name, col_type, max_col_length, description from node_column where max_col_length > 100"
"Show the name, long name and description for all folders that contain at least one file directly inside them.","select t1.short_name, t1.long_name, t1.description from node_directory as t1 join edge_has_dir_file as t2 on t1.node_id = t2.source_node_id"
Which tables were obtained from files with the prefix 'watershed_water_quality'?,select t3.short_name from node_file as t1 join edge_has_file_table as t2 on t1.node_id = t2.source_node_id join node_table as t3 on t2.target_node_id = t3.node_id where t1.short_name like 'watershed_water_quality%'
"Print short name, long name and description for files in the HR directory.","select t3.short_name, t3.long_name, t3.description from node_directory as t1 join edge_has_dir_file as t2 on t1.node_id = t2.source_node_id join node_file as t3 on t2.target_node_id = t3.node_id where t3.short_name = 'human_resources'"
Show the total size of all files added in the last 30 days for each owner account.,"select t1.node_id, t1.short_name, sum(t3.fsize) from node_owner as t1 join edge_own as t2 on t1.node_id = t2.source_node_id join node_file as t3 on t2.target_node_id = t3.node_id where t3.creation_date >= now() - interval '30 days' group by t1.node_id, t1.short_name"
Show all metadata records for all classification label column association relations.,select * from edge_assoc_class_col
Print the creation dates and descriptions of all business terms in the lake.,"select short_name, creation_date, description from node_business_term"
Which are the columns that are associated with the classification 'enterprise'?,select t3.short_name from node_classification as t1 join edge_assoc_class_col as t2 on t1.node_id = t2.source_node_id join node_column as t3 on t2.target_node_id = t3.node_id where t1.short_name = 'enterprise'
What are the 25 oldest folders in the data lake?,"select short_name, creation_date from node_directory order by creation_date asc limit 25"
Find all assets with the term 'prod' in it's name or description.,"select short_name, description from node where short_name like '%prod%' or description like '%prod%'"
Locate records for all columns named 'std_cost'.,select * from node_column where short_name = 'std_cost'
How many total relations are represented in the data lake?,select count(*) from edge
What are the files and folders directly under folder 'sales'?,select t3.short_name from node_directory as t1 join edge_has as t2 on t1.node_id = t2.source_node_id join node as t3 on t2.target_node_id = t3.node_id where t1.short_name = 'sales'
List all records for the csv file named 'prospective_buyer'.,select * from node_file where short_name = 'prospective_buyer' and extension = 'csv'
Which assets have the word 'scenario' in their name or description?,"select short_name, description from node where short_name like '%scenario%' or description like '%scenario%'"
List the top 10 people who own the most relational databases.,"select t1.short_name from node_owner as t1 join edge_own as t2 on t1.node_id = t2.source_node_id join node_rdbms as t3 on t2.target_node_id = t3.node_id group by t1.node_id, t1.short_name order by count(*) limit 10"
Count the number of nodes in the graph for the lake.,select count(*) from node
Print all metadata for joinable table relationships created in the past 3 days.,select * from edge_joinable_table_table where creation_date >= now() - interval '3 days'
Sort databases in the lake by their last modified timestamp.,select short_name from node_database order by modified_date desc
Show the number of assets owned by all accounts that have been modified in the past 1 day. The owner name must be detailed.,"select t1.long_name, count(*) from node_owner as t1 join edge_own as t2 on t1.node_id = t2.source_node_id where t1.modified_date >= now() - interval '24 hours' group by t1.node_id, t1.long_name"
